filename,tpot path (/data/cowrie/downloads),count
4efWM5vS,dl/6d1fe6ab3cd04ca5d1ab790339ee2b6577553bc042af3b7587ece0c195267c9b,1
Mw36EoQa,dl/6d1fe6ab3cd04ca5d1ab790339ee2b6577553bc042af3b7587ece0c195267c9b,1
SkH0bvJc,dl/6d1fe6ab3cd04ca5d1ab790339ee2b6577553bc042af3b7587ece0c195267c9b,1
clean.sh,dl/d46555af1173d22f07c37ef9c1e0e74fd68db022f2b6fb3ab5388d2c5bc6a98e,435
eyshcjdmzg,dl/3da1e6269385e9f39e478ff83bd2e0fd91004119f1142f4fdbe8fd78dcf6a8c7,1
eyshcjdmzg,dl/75413b440f46a3df2f28c0abb3b4617a3460d56a63dc65f5836696db540a5012,1
eyshcjdmzg,dl/ea40ecec0b30982fbb1662e67f97f0e9d6f43d2d587f2f588525fae683abea73,98
fUUa0ZsZ,dl/6d1fe6ab3cd04ca5d1ab790339ee2b6577553bc042af3b7587ece0c195267c9b,1
lFbI5UQw,dl/6d1fe6ab3cd04ca5d1ab790339ee2b6577553bc042af3b7587ece0c195267c9b,1
redtail.arm7,dl/15df367d98a807d1c41b677e17b4e73b7f99657c3966542180e0535bc138d43c,46
redtail.arm7,dl/2480312d23e1d009b3ea04d722c8c671b0dc4c57bbd75fc3a2eaa4a135ad647a,3
redtail.arm7,dl/28dc11bfe01f303a15c73150a9a7cdfda39828722c8ecb698147f78c500140a6,13
redtail.arm7,dl/2ef6bb55a79d81fbda6d574456a8c187f610c5ae2ddca38e32cf7cc50912b0bf,136
redtail.arm7,dl/82b1ad7f61d60f49e29ca476352f2730cced7fd8c3ae412d8341ac85fee63f2d,2
redtail.arm7,dl/9f9097b852495fafc6a58a457a51fc396f324bfb1907ab72516e9c727551bcd8,3
redtail.arm7,dl/a04fdbe753ed689d72e508e527faa03999d05a56944207c263252a6e7ccb107e,1
redtail.arm7,dl/bf45cffbc11cf408e600442b7cb87dc28f56b7d165781c499f9fd1a148cc5ff4,3
redtail.arm7,dl/bf88cfc04ac852d82482ab5f57f03709b9db2cf8f25cf4bfa01945ececae2658,1
redtail.arm7,dl/cfeb8d146796a31a243bf51b7b903b62ac99ed309885aa4dd16b01df0696a1e6,4
redtail.arm7,dl/d4635f0f5ab84af5e5194453dbf60eaebf6ec47d3675cb5044e5746fb48bd4b4,142
redtail.arm7,dl/e86081329173be1acc1486a47cee17c9c7b78c50928e7bb9e05a86f1c040a746,46
redtail.arm7,dl/e92eaa9965b8a86c30a747608d7fc03162669968b4b9502f702556f34f478b64,35
redtail.arm8,dl/5f85bbb2f68df12de19dad2367ce920cc99fcb583aa963c7791633f4c86bd88a,46
redtail.arm8,dl/66354c8878ca935f0fc6e3623e190e8a400318ded4c8d3d7baa85873059bc179,13
redtail.arm8,dl/7609c2f33c36981682d5d5871feb5a70bee5daa77b0ebadb3790e828537520af,3
redtail.arm8,dl/7712b559a3c18c77f7065ebcc15efb7141afe76c77d0ec02cddbf35f4981b35e,2
redtail.arm8,dl/8058e66611df0212802c092573db419cc69524d7470f887a9ad0a360a6f852f1,1
redtail.arm8,dl/88a339d0932322a43a5101d7afad05fa3bbcdbabe62cd5e287daa077398fef97,46
redtail.arm8,dl/88a77aa2602caf98288c7dbcc056394cd3929e6f4ffbc9b83b6e278ea6632c6d,1
redtail.arm8,dl/992cb5a753697ee2642aa390f09326fcdb7fd59119053d6b1bdd35d47e62f472,142
redtail.arm8,dl/a44fa76de8b63c049582c5737f52b6fd110c9303727223a157c51ca65f46645f,35
redtail.arm8,dl/cc8abfdbc5e35a5fc996a82dcf1c1044e3eef43e8cbb0cc4b5fefc2a25c124b9,3
redtail.arm8,dl/d82a798b3e69130ddbac0b2bd2c2143dd43a4517717052b0e8b0c2b1e82ceb49,1
redtail.arm8,dl/f025050dc7b8e27c15df2572c41543023e3d00df3ac404a3fe0bc21cef01da4e,3
redtail.arm8,dl/f24f5262c2c1931cce3a4cab779c150e77647c2e35f0f5ce5d7980f4f1f05bdc,3
redtail.arm8,dl/fc8730fbe87bcbdc093a1ffbcb0028ccb4c24638e55d13fd853b07574f4cbe4a,136
redtail.i686,dl/21eb94c1632def104c244378f587dd91f851c66c8bb8bb67b9ed0b18bda06589,2
redtail.i686,dl/42efa318e298e6069af565b5d09f30d38fc15d7ab1f1361addc9288e5a4e4d98,46
redtail.i686,dl/6148113073dd1e9138660134605768d9ae635c9399d4f296f5d75b347fc0872f,46
redtail.i686,dl/69dc9dd8065692ea262850b617c621e6c1361e9095a90b653b26e3901597f586,142
redtail.i686,dl/7780e72f7dea978946d4615c8db1b239d3e2c742cfc8be2934006b1fd6071110,136
redtail.i686,dl/926f25e9dd10aa4ef9233b80467809806a61f56b4668123461037db676dc3a0f,3
redtail.i686,dl/929efd52db47fe4723fb8532104b612f82414bc2c48639cfbf1dac69378f76fd,13
redtail.i686,dl/a199bc36dd3a8bc755c68f67abc6c1fec83398d5d7d22d3e59f7eb7fde4d6612,3
redtail.i686,dl/ab208e7a71f904580068df494c6dcde60f1541ce1e999ea91d2aac8e3431285e,35
redtail.i686,dl/bafd64e570bfe51431d8cdd950e23b907ac682b55b26e09cc2c59b8fb20989c2,3
redtail.i686,dl/d2d84008e09a7c865d14738dc132b2b298c7b5089ccb5b03c8dc0fb7fe192662,1
redtail.i686,dl/dde0445dd782b1a794ea2a0678b8ab1520fb1cd4a8d4d8d97e660f6836864e1e,1
redtail.i686,dl/fdcf4558b7dd3c034f933505238ed56824d13be1d3abca99626e7436f5cfda3d,3
redtail.x86_64,dl/17229e1940e272030b079915600ea9fd944b8250680d89e1ee1eca42bbe3772f,13
redtail.x86_64,dl/29f8524562c2436f42019e0fc473bd88584234c57979c7375c1ace3648784e4b,142
redtail.x86_64,dl/34337a5d8d207db5c8d5b4c1876858d90ce06e6138245b12f5b99845f8b9c6d6,1
redtail.x86_64,dl/44a2fbbdccad3afc19c443a4da8e144138a0ac8808d8ea8d32096dd493029d7a,35
redtail.x86_64,dl/74df8c3e0eef0d0ae1f255f48784b2faccbad9efe604f48856477765c7e165ce,1
redtail.x86_64,dl/8829ea6136bda1d1d6ef5cae7202fb6d090541c59ef7cb55ff13445ac2ca2919,2
redtail.x86_64,dl/9c4743a801c333153c7251abbaedb0916ba9b07950a1cf0ececc93276956c4f6,3
redtail.x86_64,dl/af3aca26bc1a70e44c1609bd190c8228e50fd866fd1ee549c19b57d6921843ad,3
redtail.x86_64,dl/b6ee8e08f1d4992ca85770e6883c1d2206ebbaf42f99d99aba0e26278de8bffb,136
redtail.x86_64,dl/c3a7c7ca980033664826b402c1aa85293547ae30a788286ad68aa4ad7d406e2b,45
redtail.x86_64,dl/cdee45e764fff18a81e3fc7ab719e03fd93239180bd213bd754691579f01421e,3
redtail.x86_64,dl/dddf7273ef3d0087563ec50bb6e7f13b8b9db79583f11a6a12abdfefa2a366c6,1
redtail.x86_64,dl/eb3032f0ece8e5b1e77842283868b6ce8e003c92ca84f4123e71094b4b9aa18d,46
redtail.x86_64,dl/fedb6022de621028cc288e4a4cd4bc4077938a080cd9dc05264a3a51a3962824,3
setup.sh,dl/3b15778595cef00d1a51035dd4fd65e6be97e73544cb1899f40aec4aaa0445ae,433
sshd,dl/0094c9465c7e996fad0b14db7e2b23132e8f1e114b22c98e0e265122a7507822,1
sshd,dl/00a99866c7a6525cee1a3ca03c4f6362c5c94af5e52494a95f27beb2523fc6e1,1
sshd,dl/00deea7003eef2f30f2c84d1497a42c1f375d802ddd17bde455d5fde2a63631f,3
sshd,dl/015f9cc2efae6b070bb3834b9550f89d617af9541de326dbd5f4f261eb46d451,1
sshd,dl/0165937bc9d7a0a3572826b2cf7bb2471a61dbe910e25b2799dc3481a8d7eb6e,1
sshd,dl/01fedc99994c93b912248558cba5d88b9452bcc9d53d3557fd2fa41d3ac26328,1
sshd,dl/0291de841b47fe19557c2c999ae131cd571eb61782a109b9ef5b4a4944b6e76d,1
sshd,dl/0390934d3a4f01ce48546c99830547c9c8f46672adf9eb475fa1a03f29664e5b,1
sshd,dl/04f5dd0e8c1bfdc778babfcf0897d77e9fad9f4a9b1183014e018de8cae4a42a,1
sshd,dl/05107cd7d97c5735f95cf0460ce1da2db4631abbc167c0b21842949bdca6651c,1
sshd,dl/0534c5c6d40ecb7b01e6e3844ffdd350cdc374cc8f0b265fe7b524f83c4a62a3,1
sshd,dl/058e3183b7fa10cfb11bf34fed5ddce5a7a9848c14ade10297a31dc49bcd3691,1
sshd,dl/059b25e849cd288ab86bed964cdf3a1254bdec4a4695bf95df813be6efde7dbf,1
sshd,dl/062ba629c7b2b914b289c8da0573c179fe86f2cb1f70a31f9a1400d563c3042a,5
sshd,dl/07a756ab22d85cf1010a1b94c1838f21e023b66c8160adf4224911ce746df941,1
sshd,dl/082b9a0ff9fb2a42d8c1200b25a4f757ee3c0f849917f4965ea02e04be6afcb1,2
sshd,dl/08b3fb745ab6db03be3460b2365ce6b4cf6975f123a114a8c9cc72fdc7e74c7b,1
sshd,dl/08cf4792f94eb68bef8f9b7b8746fd1a0349937a54b0b746e442ac8ace57b831,1
sshd,dl/094d2147548839ba5ed36d884983aaf14bd7ae650095dec96a1cf537d3b23b48,1
sshd,dl/09501e8ffdec1bb8bab3a7bd4198452b6f183cd4e5523844bc4d1fdb83fd021f,1
sshd,dl/09d9741f269ede544ba12d8a4f78bcda54bb7ae882cd584627ad0bb1b73fd9d4,1
sshd,dl/0c212b01802e3eb2f28d2c42afbeb9ac3c6620780d5d7988c6edad310444e477,1
sshd,dl/0db2c6afeb0ba8623c21f6f53783b2592fb6d20105ec0bf9a6b7fd4e59ae3712,2
sshd,dl/10488af6e5a0482515e34dbdc8e03e33e1757d16e1489ce0a191a8ecb90a7255,2
sshd,dl/10a1aac9eb7707893306482216b9174dde795c20dd3ea69d8c5730f5f503f33d,1
sshd,dl/10df86d8a7a3f56d2df33217da626c30e2e6005762f4427ef76c2815b40d8ce8,2
sshd,dl/11707e3902992c8e20e19de09cbc78381e43234c4560a706a031fe01ce7e96fb,1
sshd,dl/12de77bef9500e41c76a2200bc6fa712e7e3fc188dfdd92a764a22c3421b7208,1
sshd,dl/12e9a971309479b7bc4aeff093b3baa0c06815700ad5f973f390f14afa88f2f8,1
sshd,dl/12ea9ed292055b13e0c4a832c7d2ad583e8f25b7dc0b34d9437593ceb02562f9,2
sshd,dl/14c782bb55f60937521000fde2b95aeafafc822b791e4911e8f042fbcc211deb,1
sshd,dl/15d2ae90c82b2c36cceb01286222414f9f0e4eccbae21b981fa72c9accb39b52,1
sshd,dl/169e1952898276010f212f609c4956a4fd89daa35ce3fa45c31357b44149efaf,1
sshd,dl/187b67e5e2116293144f4009b1f224ed09eea924dd4ade00741a66792a63b45a,1
sshd,dl/1923d2634fc1ddc43307c471ceb74533e029f9fa81323c86a49320e96306d9cb,1
sshd,dl/1ab14d3b564c2d7ff276a8342bc52067bc5d2f279da21222ee41c574fd1321e3,1
sshd,dl/1aba4cbc9df35fac320f09c7507671648808d4ba632e6026f2f04a6384687dfd,1
sshd,dl/1bbe53c96d4e6238cb542b526fc76e14847cf2cec0ad4c05500bb70b70bfde48,1
sshd,dl/1bc54f2019acbaf78ca38d7bcb916396eb9e8edaef7eeadeaa299e0d8746f8ee,1
sshd,dl/1bcd7ede09c26442938d4c1ef237472bdbf2f3b3be5d752747ece4c5306f2918,1
sshd,dl/1bd3745a4f9043ead807d7777669b0dbf5b56985e5b3dd9d7cff8384154ea4a8,1
sshd,dl/1ef0eb60318495dd0cb100fc828f28237d487b800605c7cc54155cf34582598b,3
sshd,dl/20e3f957446527a31ff3fd9d53b48c6046c9858d789ca043a6869cbea254bc20,1
sshd,dl/213e254beea6489dfd774d8e7dac3d4651565da1317a48e8d710c38ece10c7ee,1
sshd,dl/215025030d96ffe466d5ca103d929e04e3876ab14059e54f85e5eaf01bb17148,1
sshd,dl/21811956167f72dcde22d8c16857cb63e0026c949dd1fcbb1f42d3943f5997dd,1
sshd,dl/224716b23ba31c2fa60382dd9efb2bd6cbe878e1c827292371053fc664d76abe,2
sshd,dl/23b2d08a1e983d5419f26263494c3f356f344ac5c52fb967c1e6c6f1bbfd64c0,1
sshd,dl/23e9dd3957a48e18fdc6389f5c49758d42c6f411d872f4ef5045b5c197b574fb,2
sshd,dl/243407432245afff15e8c3aeb3422eb878c53acd2b0f9468c47d613a4f652abe,1
sshd,dl/2782475af3287809eabfe279a25a1171a6d71df0f00ddec707c605b4f28021b6,1
sshd,dl/27d205dc183ea2fad0e55e10b206404be20908e39a74569ff99182d7326ed9c0,3
sshd,dl/289fd4a7a10aaf8aa313ab80cc170018fc662d0a7d034a3b92b9d3d3945b0736,5
sshd,dl/298fbd37bd095c2fb15cf2eb742be22ba2679027f692e8bf25e392273844259c,1
sshd,dl/29f7aa7843b05ad7daec3204cabef2baea00f2ceba88f48724452bf6c54edcd2,1
sshd,dl/2a7c9c6208460b4d0788d1d30b6c66d2fd04860c4bf33545560d6a556a505fdc,1
sshd,dl/2a98267c76bf359f8fd5445f38c485d795b61d4082cd83791059ddb5c6a9698e,1
sshd,dl/2b4d1561dbbb5c71f6cc366eeec08790e4bd9f056a499a38c7d035b947a9346f,1
sshd,dl/2deb027748b3cdd8bfb5355683e333318c204c62db4dc1045c13b8889336e4d3,1
sshd,dl/2ea782041e1edf52de42fdb415c63b4e2d0a24e3801385611d4c668c708a6457,1
sshd,dl/2f2ec51142bb83273f2613ee5a871fc3b783cedf35d9bf67a35f66f08bea4c29,1
sshd,dl/306f0c79ad9ee76e996556f909306fda5704b456d670aa9daeb54760b4b5e4f6,2
sshd,dl/3104930bc326cbb895531633fdea294bb58d526391a40ac41eb91d888766a137,1
sshd,dl/311c74dc88db6a6964e1dd42ce7a525574128d0badd4cb18f3df3159bd5c154d,1
sshd,dl/31384110975802292bbfa8301113a4bb857cc1acb8b820e5459eab283646d79a,2
sshd,dl/3168306188b22044cc4b5ecf7bc7259df69e0dfbc568445e30ee0c22211a129a,1
sshd,dl/326a7c1bece04c1e4efd6db106d3f09687c3a82398064568985372374fb12cdf,1
sshd,dl/326eea0221b61a452173e9a56f515dd42b09f5de5f8f868a33e432e4ea18bc3b,2
sshd,dl/341e45c9f082943c0dd4ffbdf5b697930e41587b20b396391cd983893fc34c06,1
sshd,dl/3474e95e102353c50c7bc0241a8e9ed6a17fa9eba072a24628c4cbb08b8ff64b,1
sshd,dl/35e77ce34d635924ba8b731110b1c382288f7c8728c85620565b343176e3d28c,2
sshd,dl/3625cfdcd6d434bfa672753ef4b197df8a01388d220bafc9edfa2d0d29c7fcef,1
sshd,dl/3730c1d50f16b06bd71bf4ad8864318f53725701018555b6a2819fb2d25aaf2f,1
sshd,dl/37f7599870e8aec7e8d7d8b495612899b55acab5e0313e3165b664b0498276b7,1
sshd,dl/38ef0580d99fb1524c13f8dc4981fe2757deb290b29f947ebc24b4b359756f63,2
sshd,dl/395526c4d88ae791f95acabe11de2d4a0c002772c54a059867f82e7ce5176d33,1
sshd,dl/3974a1757c786c61c5cec40d6f3af66aec799459cc51af15dca88ac3c927115d,1
sshd,dl/3b566286fa88fb2ac950ec704d133a6a1dce55d1b296be1dda4bdfec1a9655d4,3
sshd,dl/3b835e610043826212a8a5d74e9caa8ceccc4592007fc8738060265c1873af08,3
sshd,dl/3bfc43943390c0faef501ec62465fd85f48cf059d06a1993e5176cedb7c7cd01,1
sshd,dl/3c213db54038fc2aaad4622328ff7c928d8fabc30f391084e512d9c8db8da63f,1
sshd,dl/3c5ffe548ea93622d11b67eead48d50f9ee39b09e1e813747883d1528569ffd1,1
sshd,dl/3d16a8c035452288bba335d2de42aafd4fcbee913a958ea923f7c128e0a436cb,1
sshd,dl/3d594ae09c50f0a63a8b213b6bbdf390f34ddd83900f1e0a9053e17fa20fd643,1
sshd,dl/3e6661d8c7c86d181f5f5176b56e241d2de813e8bb53bc66e37479cbe2959327,2
sshd,dl/3e9b22ca450a78aa2ee279292bc6f73fe6d1a575d8c9035c8fac36740cc28bd3,1
sshd,dl/3f711f010ee63dd3a089cff847c5443a0bdd5d63c49e956e4d3bc5cb922f9462,1
sshd,dl/4005565f5e6dc500e021864514d3a3ae7ad46a8ca32baa6c170decfcee12ed76,1
sshd,dl/406a38637199c82edc7e7b07ad52e7cd29200ae714fc479f189fb958488682ee,3
sshd,dl/409e6be60a200711954b03a747748ea87de1756b2ad9e81fa6454598bdefb065,1
sshd,dl/40d3cd162165639c99cf47e946ad41d161f8e9699afa3f43c59d5a529b57b5b3,2
sshd,dl/4135352799dd64f9b262180df9e9cf8386203661ecb879870ba66abd6906c74c,1
sshd,dl/418e0048c5109357961783e987a795e8fa39923f0dfaadcbade68a3712f530d4,1
sshd,dl/41a515f4232eedcb1391441aae4b2ab19e590d8d5ac5c3c44ab2d1bf28a175e9,2
sshd,dl/41bee149fd6c913d096e424e07ceb3b061b505312d4ee6d6d436bd37fa50aff1,2
sshd,dl/434b4bd4fa61e03e74cb82fbeaa2e75b80c0bfb42a7ef916a71375267cd6a5c2,3
sshd,dl/4357ce34cd58a25dcb21cfbd0dd87927672b84988e6cbe200a5cb499f8e8d28d,1
sshd,dl/45183829a069e60c58437947a9212423db974090ab8a56a0f28c491de093df15,1
sshd,dl/456848dbc598dbee90b0557460dbb14c89e2c1001690f98867754ab02ac53783,1
sshd,dl/47b268c21591069bfe4099833ad66b8138a53ab2dcb866e040d466aee1f8624c,5
sshd,dl/47eb29b1f5ce5edcc3954f839bff00ae05dd1c35e6ca963441ae004afa2661f7,1
sshd,dl/48e8ad0a9587c30feea0e800e250ffe96036ca0c201ee90494101012de8579d1,1
sshd,dl/4b7946dbff396286b4c6b7389515ec22e1e16b38271fcc9bb4e7ee50b65d738e,1
sshd,dl/4b8d9950fd27cb8021d03ad980248bf0a7b8a276bbb3fa2083402f531b6209b1,1
sshd,dl/4bf044ae7b903ca9edf19180b617abd363bf981d4a22d0b0de13fa72461be4fa,1
sshd,dl/4d69afe32d396ef8edfb757361c6b7230c36fa76abd0b4ed44b63d16e5e3efc9,1
sshd,dl/4da9bde45064f47f70e1a4bdf7a7e13d66ac53749905e82c99a2c626bd403f3d,1
sshd,dl/50677c44982f016e1585c63f9052f7d5b78b59f32608063e06260c1f7cbb2748,1
sshd,dl/50e99fafd3a8fe5c23ba9f3b59dc8a2f51fce94f2eee791ee71bf4a385df431d,1
sshd,dl/5152cfab264ebd7e9406e9947f1be8a9bebb284a0ec659fcaa040172555d1da1,1
sshd,dl/5187141cdfa53a30fa730b6a5f76a628fc7726b339d528ad613f4cb0b3381937,1
sshd,dl/51b052a524af278366fb5527d4a5eee949b63f85168c37d4f97aefe3e73fe66a,2
sshd,dl/5348b12f049d86c5306ad9ea227b8483155183cb2a535c25b5c587c4c2491923,2
sshd,dl/534f41f04a647274d29b0ef2a46aa59e1c2cb3267b6f31ba27207316ca993f4f,1
sshd,dl/53d667b17ea6a5f03abe1dbbd09cfe51c27b758ebc936bbf41af55bf2768f543,1
sshd,dl/5404a8137d075c0ad9904b23584cdc9b170fb2e507ea624b2b2206188e68619c,1
sshd,dl/54ba0ca58afb1889431f35b392ef1f1527abc67ed8b8b494de3da6323203073b,1
sshd,dl/562b46ab24e657a837f5bdf84cbe91190aac46722c2463183e6d680b836a03f0,1
sshd,dl/56e376fe961db08c622c70a25200a89bec93290bba54f33f9577e3721e05323b,1
sshd,dl/572f2c1112a4d28df48372e34c092126f50379147478a3bce39477c2cb8b6181,1
sshd,dl/57c9a1386f10bd2baec86bb2a0624dcf1b1be53b0f4bc8ac5c76244d7dc35baf,2
sshd,dl/586cde86386488dc14f452bfbe437dc272a596bd98a4ec4c664d887813343fb2,2
sshd,dl/587febf2da8d76b9994f5747170fce9d7d204f45867f1617fc8c65156a0c962e,2
sshd,dl/595b3eac23dd49635b1f125fcf80a5020f44b12e26188c3d84654ab1a9de9ea5,1
sshd,dl/59b6fc2fc694f2f92dff04f172056eab402916a3993789b5a06e40793dbae2b5,1
sshd,dl/5b4e9fc4c7589dbf78e5456cd66d7db52697ba72a2653e336a0c21f48a531e6c,3
sshd,dl/5bd073b69ff53215f593f7d225c75257b419beb5069574c66b8411953a4a33c0,1
sshd,dl/5c73e0b861cabc1ce5d9905f927385252914944768b766e7709627a545fd02c6,1
sshd,dl/5e9747bbc50448329ec19615861b53c11398ccd171c4c7e5c227e0c1d73fb219,1
sshd,dl/60f892b66fd390f7930e91e3ac5f44ea5435419326a48c2c1d4d195e08e86903,3
sshd,dl/611098bda926daca63629bcc87546faa5c575fed6910893f87ffe81c3c87ddaa,1
sshd,dl/61313b582ba8fa8ba6a819fd4a960d51e7c92324efe8c0f5294c651f26223753,3
sshd,dl/6168f5d053f4c3d413327947c37b927a759b316d68ac341908695879edcda246,3
sshd,dl/626d05b394067eca3160ff06201fbcc44e2985129cb25e3cb4b5861077239104,1
sshd,dl/629db57b96d6e965401d866f895d86c542efe344b3d489630a6ec09d643add76,4
sshd,dl/62ae36274d9e33b704ce1485952cb76dea26dd84a6bf18c870db21ae1c3b7528,1
sshd,dl/63dd77ad3b416ec09f6313613be16c64c79a63a320be5da001f37f31d3763698,1
sshd,dl/649bdd8390fae2adabb07e262d6e01892bdd2c36a36ad70f242bd3bae185b856,3
sshd,dl/649eecfd7b02b59248ef5d1fce494e2f1b9d2fc20eef43fc4c74be8bc10ce1c1,1
sshd,dl/6569803b0495e02fafec2929d398333dfb2008fc5e0ed65e2b464eb8648c90c5,3
sshd,dl/66ddd92e5d3e803fc3a357a17bf78d43674db8e6916530d24c97accb699a4be5,1
sshd,dl/66e89abdbed92ccb33d90f6fbc0a10a2f128ef007329b092960e5606f1c18ec2,1
sshd,dl/66f8f315000fe6a2a2e09fba08a867c60f4d330099ab2e94f7bdcb0f0c869377,2
sshd,dl/67364728499da4cac3f3907de51ccb2f78b9baa403868e492e00b42f114f777f,1
sshd,dl/67db999e9ab18659c1d595c9112ac9b22065cf05328c156585bda8589d10cb70,4
sshd,dl/684e4d57a4b6cc37c7f87333e751c12edbbfc9cf685ebb36d563647ae6df0e17,1
sshd,dl/6869ce81729acda83597601eb7c89c0bdda23d41bd5fe6900256dfb389a9bf47,3
sshd,dl/6903a94fc11523f7d621173a43e8943361f2c49a81b2158408c5a883d2378199,1
sshd,dl/6946676a7ccd647fc12389be3a36d70146ae04f58f4323aa93aba36ce857842a,1
sshd,dl/69d2cc6584f3e273192c863f027dc8d618952a6a40e98fac6533aaa060115ab7,2
sshd,dl/6aa5d769d9ab96eabd019fbb475c90f325331748ee5fd9b6eb73a80a40622cae,1
sshd,dl/6b0b063e20f67cf5acafda5e1a68d0abce59fcc129100349388e0f616995b3a5,1
sshd,dl/6b138148ee667ae0df43c3d120a5e2a67542cecb235b066bfa9e25291dfe1ec7,1
sshd,dl/6d042977e3a6c3e9cdbc2af7b0d770bd8b381c194e295cd1b5f4d0f0c18c3006,1
sshd,dl/6dda643cde2c4d5e4e942b9d7d21645f322de4046003bb48830a13a374cfff18,1
sshd,dl/6e08a9b19df98e36da4409a8ae5990bde3ed6dc583fbea9f112cbc55421aec59,1
sshd,dl/6eb5274407dd458da90fd988c04e30f5c14cf813fb4a4489b6a64eddc966a7fd,1
sshd,dl/6ec1a36ee693ee3805eede4c0d79fde8d38740c1b379b61106c6ab8a39d99ee5,1
sshd,dl/6ef27a778205b49344615af4c6983ebe2ac8fe89738eb44c202fdefb0fb40cc9,2
sshd,dl/6f1722190675208838ed9e9dee96de7eb4e2ada7a70cfdee759e81088fa82a95,1
sshd,dl/70ecf14b82b68fc05a9a30c54ef091ca3320c1772f5ff716c4c57dc9b007c637,1
sshd,dl/71564510b6e7d51fc961d3428ee2cbe9d47650c0ff72b3778a679c6a73337058,1
sshd,dl/72ce5b00ca4bfa0c18fcdf03a15e5391a85d81300783626598fe7e022e0ec538,4
sshd,dl/731af35176fd142350938ffd15c95b6cb7cd5c6d8395004d5055ae43297a7d9e,1
sshd,dl/765289f938cc2bd64c9778dbabe048afa8ac3277a150c940d2730c14d24687b5,4
sshd,dl/76f4cff23b97b5cc222d0183a9ece353a5a36cfad2e722c6a7e00f47bf3137f0,1
sshd,dl/7709f99b1eadd922e479d9a39933a46c5324f9619fae324a08fb127556206d44,1
sshd,dl/771eb8b2c8b9f629a290326170aa5a1fe78d4bd8795daf31e1d4d6d57ee27784,1
sshd,dl/777a6895f0d34c700e7a4dd26fdbac1874fe46618adc7d56fcef1854817e1131,1
sshd,dl/779abd34660f74072b0da4593db8e4639ce1c920ce394ca613dd85f94fc4019b,1
sshd,dl/77ccd5ae0a102102b1c2032ff7f1fa8cc2f1069276f964210e644e1b21d8dd1f,2
sshd,dl/78ca668d0b80aa116a399b7cb3677470fcbae9b193e312979a0cc995ebc0253a,1
sshd,dl/7962a14f33edc9bea607db1d34f6f0c1d44662d9dbcc4b39a8f08fa830abb4ce,2
sshd,dl/797e1972be8425f00cb9d30818e1fb7a7961061e3276513bd1d48262aaceb186,1
sshd,dl/7a9da7d10aa80b0f9e2e3f9e518030c86026a636e0b6de35905e15dd4c8e3e2d,1
sshd,dl/7c4d16ae0e92dfc65fde6e700929fefaaf4a42f0e4c6cf6996d317940d3859c1,3
sshd,dl/7d9d6366038421ae6cabec5c4ae45aff754c5df53b0f5052e71c981a32d1719e,2
sshd,dl/7df9c2eae5029ca59fa58c5c9937fbf94380cef03cb9f38a5c71c44c3f39ad6f,1
sshd,dl/7eaee53a0ee42fa63f4d313ffaab41b4799815b02923f1f69ee2d8aa99c732c1,2
sshd,dl/7f80401827a9f5c5cf0e1869730fa34537d3fe4124372450c3bb5ed6c21f492f,1
sshd,dl/7fbb95742340d63ef10acf49409d6cac2c1a65838ec133f8b42a68c482b9686e,2
sshd,dl/8049689c646dbbb5df7ae1cf572ebdbc64d4500921bf15329d6e4d7e49570822,1
sshd,dl/82ca2fd57a52bc8baa1aa1053c578503da316a41b86b4d2ea6242866fcebadde,3
sshd,dl/845964c32569452fc889f1c4a03ee56a04b524314252a1306e8d1adfed51f086,1
sshd,dl/8488c50605265ff39fc8359aa002a15a0f2420331e2ca2e41129407ee8a1ba6b,2
sshd,dl/84b423706bd14647300e5a5442f5451f91ced636a05f191b81fabdb1e0131642,1
sshd,dl/84f6eef0d28661c7fe29805d11dc0bdca95ce39f2fff04d47abeac156a1b43ae,1
sshd,dl/87b1421c4c09aaec626ac12b4763c1dbff5d667ec3ea87d9982d5fe5fde0feaf,1
sshd,dl/898080cee26a3c93c634f0ab9cb3454417a050cc9a1321592e47abab9c417bf0,1
sshd,dl/8a37bb2a9e01e8f6f749d8ca2e0c18946fa24f6604262651b8b89f0a6e176615,1
sshd,dl/8b19f9f4ebe05047321d306bc3e5485b38fadd28b9dc5a78a522f2c80db7d17c,1
sshd,dl/8b3048631a205ae64d490f8805708192a200bae303f4d138338247e5a97380e8,1
sshd,dl/8bc08cab4151d1db296d7cbdb772d1e90dc6007f3e2949ac7cc905302e6c5e35,2
sshd,dl/8c7fd91046f5981d9c33d72d6a8beaa210a5ccb5fb5e542ce3296c7ef12e66e8,1
sshd,dl/8f64aff4ba6b249e3955c60b174ce68f5d04b294152396e0c18e2f04ce222d41,1
sshd,dl/908fe9b3187ed47ebefa1e61019ff08ffc07655302f3feb2c86bf8723e64c7fa,1
sshd,dl/923cb8d84e0bf45def36878ff5d6b80144610a708df24946659e29af727b71c8,1
sshd,dl/929701008125359f5a4560283c720355cf987868005f48fa8a3df85de1e905f8,1
sshd,dl/92fc740036a655dc8154fb421e268e99a19ac86216d42b06faefe3401de86b27,1
sshd,dl/945cc85dc899bce628a95697bc4557201ecdb680346c788bf61e6cdf08920c45,1
sshd,dl/94e52adf5394dbc4fb8c734c83705377c148ce93ef20007e8eda28b31dafacfe,1
sshd,dl/94f2e4d8d4436874785cd14e6e6d403507b8750852f7f2040352069a75da4c00,151
sshd,dl/950e610fb21c473f74d134992554b320ed15876bb52d601542b7a0eadd2f8718,1
sshd,dl/967302df96c10c5f5f88bdfe986b06f33cf090606d17b14a078785954c9dd3da,1
sshd,dl/9781af4ccf02f5098e9c4c41f8afebedca6a46fb68e9f6b100e43c66087cbc69,1
sshd,dl/97a1e6f817d44a4f8b07fdebaf9357786742096c470eb5d78e789b6bb53979bb,1
sshd,dl/99a7e360b0568778137ad883a5f53d75bc962d2543d958a0aa9f18974d3d0bdb,1
sshd,dl/9ada374acbe968520f6f188390d747c950c7cdfb2a5c76e22e9566f3e4252865,1
sshd,dl/9b906d31e85378e62d53aab4597c7baa3cd725ab18a070ef38c25811dd8ac554,1
sshd,dl/9bcc07ffabb4eec587fdc9ab75e4fd86a3bfabd0acdc32a0dd56cd4cec589e1d,1
sshd,dl/9c3a258d8720c002f734801f5212f125e5387e871267a425e1cf02291482e5e8,1
sshd,dl/9cd71443cf6a3b601e0f9514ba1caa2f58a8fe7ea691d48f3813827525a5139b,1
sshd,dl/9dd565d2bb8a2e4f3ac6253e4a1a70fab0436f780c43b45da3e7946d383ac4d9,1
sshd,dl/9e5b93d3095f577136717e6aae8b51fea50d66ef9123eedccfc23b8faebf6d6c,13
sshd,dl/9e6563cc3e801577c11b4f076cec3dd1c268dce1e1b117ea6a8cd99be6db3ef0,2
sshd,dl/9e9aa0b5011786bb4e214e22e05a964c83da8e4de25fc3b2358767faf1011e24,1
sshd,dl/9ea57b5f995b9dbb1e6a9262a9abc2a348a56efa215ceb3a4072ef9c02a876c5,1
sshd,dl/9ecbeee2c88e701fe3d39e868c0a102cc77c033775f8fa9625ae83e9150a2a50,1
sshd,dl/9f50ff1eb3f4d67a685791f56e38a9ec1d7368b1f16e42b603857672a3f448cf,1
sshd,dl/9f6fa0544c67bd2d3c59f031c2d9ba107312772aaa7852ddb6cb6d9e94bbeb2a,1
sshd,dl/9fc1da0e009646d40a0d9a972d05df22c6dc9ac7be37934ea06e24d79f552564,1
sshd,dl/a1b6f6e02e20ff240b68a07b53e10af26400281db5522a5d63013050e3f08e47,1
sshd,dl/a3f44624f3b414f945580e143f7a76492a6315724669b7d3fe355f5612f7d352,1
sshd,dl/a46364a51d363d404b5528d4203580e92fad910b2a1a06ae6849191eed16840d,2
sshd,dl/a4c426f60aded6bd099650ee80dd0c14dcc167cd924d4b509866b2be2ac346e4,1
sshd,dl/a4f7c902f1c85f50423d7e674276e0d71d2f8f012c450ef91b4cb779ebb6018e,1
sshd,dl/a5919d359b3f5994d091a6deec6c436860a7fcc1503903ef53a68bbcc279e78f,1
sshd,dl/a629a308b1701f52ba33a3877079e5f873179080d1d0c7d8045f2782dbe93b43,2
sshd,dl/a63ef74b52848de6fe2db8947d46cf45ce9ab08d413da719dedb826a78257c33,1
sshd,dl/a64fa8fd3a6e0639f7e091d412bf8da98bd5d037d757d144bea5d7a773431cd5,1
sshd,dl/a65eb77fc63484b9b8f3233b90572eb40b0aa2074d7a43ab7b9baacb230553c7,3
sshd,dl/a6fbbdec757b0fe91ea18dc3d9f7b379c18ca49eeef63afaea8da3c9385b1049,1
sshd,dl/a8344d93e91740240ec6fb9d08f4bfb57c59e9252306383edc3a79e4d96272d4,1
sshd,dl/a852f8958a507f7823fed1a0610df893b90758affeee2196fb9bddadbac06344,1
sshd,dl/aa85190274311673a61039d434c6b30a0f694ce645a0340f0c11424d0eff8f87,1
sshd,dl/aaa3db9a1cf3c6258a61ece58be1a8dd0c6e3c24d9b70e36d6be9d461ecc52fc,1
sshd,dl/abb34def493905670e26e7b55929d73308ab768ab83cdda3aedac2c647cde023,1
sshd,dl/acbd88b86cb53c186551183a1d83faf7447930250a1ea91f20263f3f20dc436b,1
sshd,dl/ad0a11b87b468cbd4d9555d4f845e9256370ff631f7cafc063d6e0a59e98c777,1
sshd,dl/ad8657d3235485efd37d9b91ba0254f93a72e206bf45ed49fffe00aa3fc010be,1
sshd,dl/adb13fc2792b8d9bbacff1d2e1bd76832a7ac6dc2abcfe708d3c865a822aeefb,1
sshd,dl/ae6527b18d5ee9f1dd35f8ac85c27775fc344d42db42a263d81b62c831a2ddf2,1
sshd,dl/b03d39fa7c0f361003c7db7257746951e89c9538bb8434873205a4752075ae1f,1
sshd,dl/b12ba38dd1de68e22e910873be32aa13661f43fcc4ba3b1521695c107edd201e,1
sshd,dl/b14212857fe74349571dc653447dd59ff5938a768a65f90a3d4d653b669f8c83,1
sshd,dl/b170c7bfa4c4436198e8d310ab3dda818a08f27a5d2bef86ae8150683bc5108b,1
sshd,dl/b2020e2debd2ed3c81345ea75bcdc91b650f1608bc9cbdba6f566dcba6e3afa3,2
sshd,dl/b3f82e8a9815060d4982f236f55205bdb05d3100c8b0647468cdc672f02348c3,1
sshd,dl/b6bd684e4d3836547c62aa867903224c0e99a82a7ba0cff06c7fa247dc094fdf,1
sshd,dl/b7f757f466e24705f16d64398e94f413b9fdca6d95f43e73300e737a702388aa,1
sshd,dl/b94538a6092d2e8316b84cd8104160c4fc7eb4651625c6a37065f42ed9886a7d,1
sshd,dl/b9d9d2dc7e26734d4932d3994051b3b7b40cdbab93c79f3ef301c35d815c5d68,1
sshd,dl/bac36910024afb012f125fe71354c6316c5c122688a92607756a69c7dab613bf,1
sshd,dl/bbb06ba693b01a90afa8f0552a33991a800ee051b667eafe5afdb1caa4c8861e,1
sshd,dl/bc38953ee029ffd9a671f5b1eef633269e14d82d85578f49c0f1616207b4fd80,1
sshd,dl/bd6583cdaacb71efe80c568a359b434a084b471f46e080255feecef54577bad3,3
sshd,dl/bed64ec6a21d3aa22eed6afe3ae4559fcb243ff9f4d5672fb47de10afec08288,1
sshd,dl/c0feb47a284f711bc621a91c4374b9cc8f2e8e6d014747f7a0c16729b5c1b191,2
sshd,dl/c5cbbc98b9b0916ea3fb8360651e698fd4f56d97421d7bcb1839d12a77fa3784,1
sshd,dl/c88e1dacce96cafa2038f7433fc9e42e7b26714c36e98ed59c483360a4b7cb58,2
sshd,dl/c8c9cabc3e62459591ccf8dea31b9ae695cefc8b4ac6d6db34238c569e573267,1
sshd,dl/c92de01c659f4642bc79c3a83e06814082c919253c89e997bc629dfb3ad9f178,1
sshd,dl/c96c8a5b9b1c85a113a47f161cd8d07953ab5427b1d41ace86fb22b23262e7a3,2
sshd,dl/c9f53c5a7971ce9053edf75583484635154ad09b791cfde914775d49045b1328,1
sshd,dl/cb250dbc09120966d8163d7fc5f26349becb78c338f2fb7786885ae4f01151b6,1
sshd,dl/cc1cf7247be97691d6af63fd44440579ebdf28ad8aa59b047da879fcc540946d,1
sshd,dl/cd8041fc39dbd43ead00d75d64f32e1778f0fb3e32ee3b8e2a024d60e733d66b,1
sshd,dl/ce3cb467257e402122e4ab5f3f40fefcbdb4a662664659672a38967ee8aaaad0,1
sshd,dl/cebd85b5ec3cf2c0218c7aff8b9252e0df60dc0067ee98357f4537a9d3bfaddd,1
sshd,dl/cfd7ad5fd929fbdef0af698ee1f7f1624ed46109a50125f7ab39b14bd84dfcac,2
sshd,dl/d0c1106cc5089220dfc7014d699bfc1b86104baeb8378fb58d305ccc3e43f2c0,1
sshd,dl/d2846c8f6d56f5d638cf701d2b0862540003956629aa174516fbae90c3fbcc16,1
sshd,dl/d5527f194b8b0fc0d5f08e212f7bcd94348b3e7effae648f08af765ff0f83a29,1
sshd,dl/d666a49ef825163c40186b93a0858d14c31c7a2ee77c048c2106034557768b22,2
sshd,dl/d6aaac0882064a916ef174df75b67fdafbf9fd20591a3a0a848e85ed8878de66,1
sshd,dl/d73f0d9625436ae89c4639ff7e4ff0dd42fae970b5e3562e79fd4bfd90b0b7b0,1
sshd,dl/d745d54968f46c19ae684eee92af412a3abfaa8637e633c794f99a943c67a227,2
sshd,dl/d7f98e379c400c13340781ccb65017c000330824ea26680866b9d3e43d641721,7
sshd,dl/d86437b589214d732eace62cfcdf52121751508157564c74cbbea27d0e5a3119,1
sshd,dl/d9108451196c9022972a0b4735a453c3af83888451302fb465754b9c1662fedf,1
sshd,dl/d94c01b030f2819fe8a8867afb42ba6404a7db4bac65a669330d3860547a3fd7,2
sshd,dl/d95e8aef883002d34e9687c04b9dd1370e9c8c6b08ba2e1a7e1ecb9e07a3576b,1
sshd,dl/d9e90237914c2b57eadb9cfe85dbe617b9a1553e00b0c19dcc2b4312c71ab9a0,1
sshd,dl/dac1cd07def59d6fc3c275017c98ddfb00a7d2d46780b9bc13f05760620b09ba,1
sshd,dl/dae0dae07dfdb2e7158329ce69c9f3879d25756ee637294559fa7d2607bdd6b9,1
sshd,dl/db2b1183a337cdf116ec3158067f70502e4534b6c27dd3a984c0bacb030732d5,2
sshd,dl/dbdbc35ba30e87db5de3c5f7a14a90c5b6a9117d1bc0ff5787fb053a35082610,1
sshd,dl/dbf08306ed3c5423dadff7e9daa2db0af8a759bc3d085d6b8a7e57ad4b628f4c,2
sshd,dl/dd2d81becef39adc952f8b43d5ba60420bf8548b1366994b7100631b848327b4,1
sshd,dl/dd5ed15c9f04a25f2675f65ae5447dde4dead123a907c52d4b4ed87084274081,2
sshd,dl/dd8c9ddcb52e2c733b37a4eec2e00fb39e8ccea196a6550d298621b85d3bb2e6,1
sshd,dl/df2e5339126b156c33f0c6596b5460c9dd488b98f4b98ad7029117b4c22839cf,2
sshd,dl/df77fa417aee26c656609dfb92a3f982dc70077e24de46915bb0360b40bd837a,1
sshd,dl/df7841b88ea303183e468c88b9bf4b1d92f535a71d56a434f6a9bfc14ed91506,1
sshd,dl/e00256c34f9c0fc8e2f0c9758eae4abb7aadbe6f311523617f5ea7fcb43f3d94,2
sshd,dl/e1a7aead734c79d37f42cbc8fac0f9fddfe6154ad8a892bb679fd9eb0fa49ee7,3
sshd,dl/e20f675c8df2bf4abbe8868e0cf7e16869473c9d4fe22e8b8e52d458e9880ac6,2
sshd,dl/e2142a125e3a4f48394f0fdbb8f8255a17332d6d935c579ea5471cde59a6b40c,1
sshd,dl/e2f9498b2a873ffa0f09a6a8e041510da799f3567cbbb5dea334fedec75ea16d,2
sshd,dl/e3b0c44298fc1c149afbf4c8996fb92427ae41e4649b934ca495991b7852b855,47
sshd,dl/e449b45fa31ce881786af3a277c8affe8507f47cb253633b83a44a37911c434f,1
sshd,dl/e4bbddec03cc83260dcaf596aaa3f19421c51d445b875c10b6a482b92095d5e9,1
sshd,dl/e79c0a60cc0685ec4e6955385df6527db07ea820f932697d40fc5ffb652c341a,2
sshd,dl/e918a363fb6e47f4acfdb6fc932e93ae6f2368afa582a119115d091d1e28df3a,1
sshd,dl/e93228129efcb6cb49794ab64e4ea6828b466f781ca1459b58ebfe3cd91a415e,1
sshd,dl/e948036f1c3b3024a6864fa1c49332c80e1fd28484cf487233a50154ffe104f8,6
sshd,dl/eacdd45f881888d24e377b8de292525ca3d3fee28eec1c218a09ff95f1cdcffd,1
sshd,dl/eaf9adb4bb80316a3aafceabc0f2ed2aed7c76cf134b9b7c66226fc4f003aa97,5
sshd,dl/eb815fb77cc1c177f613bb69d349d8bf5150afef03c66005cbbf3767954c279c,1
sshd,dl/ec0d0ed419a5a567d9bafc685a1e3e6613a1cea3cfb5d0096ed2aa47842b9246,1
sshd,dl/ee37a173a4aff4ede39783700a899d8b37154e1ae7bf2a170276149374851082,1
sshd,dl/ee5b4f0f96155f0e6d93d7816e26c54b64c230d8af0397eecb99039cff844b81,1
sshd,dl/ee7aa79c37ff8171f14ba862c8d2d624db76e7162ed317d1895a922dbebbb9ef,1
sshd,dl/eea78ce9b7a3d5e50e60db3d08218f15fd281edb79c0c175b075761858fa06e5,1
sshd,dl/ef10130d04f135353c9dcaba08cb9325afeb28b5c500e0528ba7bdcb6e66103e,1
sshd,dl/ef1e1fcf9feda5f16c1bbc33d68efbb12490ff93ed2c92a6906c72a9a715a72b,1
sshd,dl/ef1ef1954560b13d5c13e2142210d187bcfa9bb86690e0ff8d6de70bf5c8b4f7,1
sshd,dl/f01cac66a63b3bfd7409e4bceef30973a813f6ed4e99958313657449b1c7490f,3
sshd,dl/f066d63e657d08a4df142b4815570c92963326da8a8f4e58c5964279ce6aa674,2
sshd,dl/f14e4ac24198de5beb7acc0337c1f6e1c70a390d8f9805d4d0e0b91f9f175404,5
sshd,dl/f1743c85c03a153930f20798ad002acc377e1c32224a6633e45af272e08c9ea3,2
sshd,dl/f1d929206293540f1153d1aac7bc68cb0f9035cfd9d31c262976219275b414da,1
sshd,dl/f200744b6900aeb0a27df08c71fc28a7f07b0aee21e844beca214eb8c4ab58dd,3
sshd,dl/f21b3a0cea46a7bcc99736921b0541267cf0d6c1e84e4b282cdcc707f4d6052e,1
sshd,dl/f3211c8e8a2345f728e958a0b3039b3fdbd6c78e558f0fef5bbdba7a44b3d718,1
sshd,dl/f4181340d99282688a863638fa49b87aaf03ce5cf4ef4053059538b3f8e0dcef,1
sshd,dl/f65166b4d38ec2a062acedbc1e902d78c8d83b23eaea871cfe86d0b18b6d39a9,4
sshd,dl/f6f0ee7a601781e3cc562ba77e52030a7e03dd7d0fc6d5a7b28a076ec4f00922,3
sshd,dl/f783a5d7bd7825854b33f231a70a803a59d29b27c0995ec8cee20cad7438a6af,2
sshd,dl/fc2c90d489c3c1da4fab3e735a002ad4680dc244bb1844882104a0c22def0edb,1
sshd,dl/fc6fa79f8873c89bfa20fa4b16041f14e85076bebf9ed27a2c7ac66a9a0fa2bd,1
sshd,dl/fd891739abc75fd0eed4dc393529ef465e6c3cae87d8e7493b35702dcc44cc72,1
sshd,dl/fdb5b69b13768ede6df401fc0f6fac8d20e8f62b77622100749770681499e846,1
sshd,dl/fe1af4ea78458b3c1c3dbba118d6ac58f14fbbc2fdf53abecc502345879f8d5b,1
sshd,dl/fe8f256117e2a3498b8b8768663afe7b937b7f39324e249d243fca78709c17ac,2
sshd,dl/ff11e95d2ca67b70576f41af5905711a5ad457264a74148754a1e50bf2640992,2
xinetd,dl/108232843a395b9383d16662de583dbb47c621f81f4380c317d42c623e85aebd,1
xinetd,dl/284b21b882e173b22e9f087878425b282586c1c5100e724d3ac16c165aeca7bc,1
xinetd,dl/292213686dad7560543364dc9301036f09066d8c5cfebc2641eff64a7339df58,1
xinetd,dl/5a7863bd49cf16c60e456d6863134bc18497c66fe957f07798d51df3107f32ee,1
xinetd,dl/5ac8eefac7dfc65825c19373a2c4c615b85e4b651e84a7aca421d727077afd59,1
xinetd,dl/97359e79da8884ef010c97fa9d4d6e997964a8d56d920ef04e18a8898b806cbb,1
xinetd,dl/b8305dfc93b058bee6a0820ba4e100e36a2b8f0f1d1548a0fe2a68e4ab5e5079,1
xinetd,dl/b9e643a8e78d2ce745fbe73eb505c8a0cc49842803077809b2267817979d10b0,6
xinetd,dl/bd0da6765071dbd15d1781ba2fb761cee54eb322ed99d89b90d6fc5a05a75319,1
xinetd,dl/c30ed5d7da6ed26ad41581c62697c128a79076c9c4d94353cfb21bb5f3cf9ec6,1
xinetd,dl/d5ccba823690ee6f734879ae41d81026b136d1528eac3273d2911614140ca175,1
xinetd,dl/dc7c2829ab1e1686bdb946b46229bb48e65f043c36e2c3b2ba546a7a66d3b2a6,1
xinetd,dl/f5af75ed7ffa16e6d73befbc2748a2804a1b48295e3ce863f0ee8f7853736996,2
xinetd,dl/f71db7e25e720622d7c160761f5c50f72a0c57cd2e87646318df24b368ac1612,1
xinetd,dl/fcd947f3eada78cd701c90201a4dde70b07bcbfd51510e4af75ecf5672a82e57,1
