src_ip,count
101.36.108.191,2
103.147.186.103,2
103.99.206.83,4
104.131.8.56,1
109.120.156.67,2
118.193.39.117,2
118.193.56.246,2
118.193.59.142,2
133.242.221.19,2
135.148.63.218,1
141.98.11.132,1
141.98.11.195,2
147.135.85.128,1
147.135.85.133,1
147.78.47.159,4
149.102.232.81,1
15.204.37.27,2
15.204.37.30,1
152.32.148.140,2
152.32.186.240,2
152.32.205.193,2
162.216.150.32,1
165.154.41.201,2
165.232.186.219,1
167.94.138.168,1
172.93.143.100,2
173.231.185.164,6
178.32.72.208,1
178.32.72.210,1
178.32.72.212,2
179.60.147.149,1
185.147.124.165,1
185.147.125.70,3
185.42.12.58,2
188.119.66.112,2
192.42.116.178,1
193.174.89.19,27
193.29.13.21,1
193.46.255.58,2
193.68.89.3,11
194.0.234.59,1
194.169.175.42,1
194.169.175.56,2
195.184.76.154,1
204.76.203.70,3
213.136.90.252,5
217.76.50.24,2
23.129.64.149,1
23.94.186.186,1
31.168.98.70,2
31.43.185.66,3
34.87.128.189,8
37.59.165.94,1
45.130.145.21,1
45.140.17.52,5
45.141.87.250,4
45.58.127.147,22
46.23.108.240,3
47.251.90.59,1
5.181.80.142,9
51.254.0.11,1
51.81.144.32,2
51.81.144.36,1
51.81.144.41,1
51.81.144.45,1
51.81.181.167,1
51.81.181.173,1
62.122.184.113,1
62.122.184.221,1
62.210.124.100,1
62.210.136.80,1
77.239.122.104,2
79.124.49.10,1
80.64.30.181,1
80.94.95.33,4
87.251.67.66,1
87.98.236.89,31
91.196.152.50,1
91.196.152.52,1
91.196.152.72,1
91.196.152.75,1
91.238.181.3,1
91.92.46.53,1
92.255.57.135,1
92.255.57.2,1
92.255.57.3,2
94.156.177.68,2
94.23.145.155,8
95.214.55.23,1
98.128.173.33,1
