"Source IP",Count
"178.215.224.160",128
"196.251.118.151",111
"91.92.252.253",108
"91.92.253.139",13
"197.114.103.46",12
"109.120.137.150",8
"157.245.174.148",7
"171.252.153.32",6
"193.224.129.229",5
"138.197.30.120",4
"147.185.132.135",4
"34.68.34.94",4
"116.110.43.175",3
"205.210.31.218",3
"147.185.132.16",2
"147.185.132.171",2
"147.185.132.24",2
"147.185.132.31",2
"193.42.62.221",2
"198.235.24.101",2
"198.235.24.106",2
"198.235.24.112",2
"198.235.24.166",2
"198.235.24.200",2
"198.235.24.217",2
"198.235.24.228",2
"198.235.24.45",2
"198.235.24.94",2
"198.235.24.98",2
"205.210.31.162",2
"205.210.31.174",2
"205.210.31.192",2
"205.210.31.250",2
"205.210.31.46",2
"205.210.31.48",2
"34.68.34.95",2
"45.134.36.106",2
"8.34.210.51",2
"8.34.210.54",2
"147.185.132.103",1
"147.185.132.12",1
"147.185.132.174",1
"147.185.132.195",1
"147.185.132.207",1
"147.185.132.219",1
"147.185.132.22",1
"147.185.132.222",1
"147.185.132.225",1
"147.185.132.228",1
"147.185.132.243",1
"147.185.132.28",1
"147.185.132.36",1
"147.185.132.42",1
"147.185.132.45",1
"147.185.132.64",1
"147.185.132.66",1
"147.185.132.69",1
"147.185.132.70",1
"147.185.132.78",1
"147.185.132.79",1
"147.185.132.88",1
"147.185.132.97",1
"147.185.132.99",1
"18.217.141.236",1
"18.218.119.140",1
"198.235.24.109",1
"198.235.24.121",1
"198.235.24.125",1
"198.235.24.127",1
"198.235.24.132",1
"198.235.24.137",1
"198.235.24.143",1
"198.235.24.146",1
"198.235.24.150",1
"198.235.24.152",1
"198.235.24.158",1
"198.235.24.159",1
"198.235.24.167",1
"198.235.24.172",1
"198.235.24.176",1
"198.235.24.177",1
"198.235.24.195",1
"198.235.24.202",1
"198.235.24.203",1
"198.235.24.205",1
"198.235.24.206",1
"198.235.24.209",1
"198.235.24.211",1
"198.235.24.220",1
"198.235.24.230",1
"198.235.24.231",1
"198.235.24.233",1
"198.235.24.236",1
"198.235.24.237",1
"198.235.24.243",1
"198.235.24.248",1
"198.235.24.251",1
"198.235.24.31",1
"198.235.24.37",1
"198.235.24.39",1
"198.235.24.40",1
"198.235.24.52",1
"198.235.24.55",1
"198.235.24.57",1
"198.235.24.58",1
"198.235.24.66",1
"198.235.24.72",1
"198.235.24.78",1
"198.235.24.82",1
"198.235.24.85",1
"198.235.24.86",1
"198.235.24.92",1
"198.235.24.96",1
"198.235.24.97",1
"205.210.31.107",1
"205.210.31.11",1
"205.210.31.132",1
"205.210.31.135",1
"205.210.31.138",1
"205.210.31.14",1
"205.210.31.140",1
"205.210.31.142",1
"205.210.31.145",1
"205.210.31.165",1
"205.210.31.168",1
"205.210.31.178",1
"205.210.31.185",1
"205.210.31.193",1
"205.210.31.195",1
"205.210.31.197",1
"205.210.31.203",1
"205.210.31.205",1
"205.210.31.207",1
"205.210.31.214",1
"205.210.31.215",1
"205.210.31.219",1
"205.210.31.22",1
"205.210.31.224",1
"205.210.31.226",1
"205.210.31.230",1
"205.210.31.231",1
"205.210.31.234",1
"205.210.31.236",1
"205.210.31.243",1
"205.210.31.244",1
"205.210.31.245",1
"205.210.31.246",1
"205.210.31.251",1
"205.210.31.255",1
"205.210.31.34",1
"205.210.31.36",1
"205.210.31.39",1
"205.210.31.5",1
"205.210.31.50",1
"205.210.31.55",1
"205.210.31.67",1
"205.210.31.68",1
"205.210.31.75",1
"205.210.31.76",1
"205.210.31.81",1
"205.210.31.83",1
"205.210.31.84",1
"205.210.31.86",1
"205.210.31.89",1
"205.210.31.94",1
"3.145.91.108",1
"31.220.96.120",1
"34.68.34.68",1
"34.68.34.70",1
"66.249.75.172",1
